ปริมาณฝน(มิลลิเมตร) ราย 3 ชั่วโมง เฉลี่ย 2 สถานี ปี 2022-2024,,,,,,,,,,,,,
ที่,วันที่,วันที่,,,เวลาทำการตรวจ,,,,,,,,รวม
,,วัน,เดือน,ปี,0100,0400,0700,1000,1300,1600,1900,2200,
1,1/1/2022,1,1,2022,0,0,0,0,0,0,0,0,0
2,2/1/2022,2,1,2022,0,0,0,0,0,0,0,0,0
3,3/1/2022,3,1,2022,0,0,0,0,0,0,0,0,0
4,4/1/2022,4,1,2022,0,0,0,0,0,0,0,0,0
5,5/1/2022,5,1,2022,0,0,0,0,0,0,0,0,0
6,6/1/2022,6,1,2022,0,0,0,0,0,0,0,0,0
7,7/1/2022,7,1,2022,0,0,0,0,0,0,0,0,0
8,8/1/2022,8,1,2022,0,0,0,0,0,0,0,0,0
9,9/1/2022,9,1,2022,0,0,0,0,0,0,0,0,0
10,10/1/2022,10,1,2022,0,0,0,0,0,0,0,0,0
11,11/1/2022,11,1,2022,0,0,0,0,0,0,0,0,0
12,12/1/2022,12,1,2022,0,0,0,0,0,0,0,0,0
13,13/1/2022,13,1,2022,0,0,0,0,0,0,0,0,0
14,14/1/2022,14,1,2022,0,0,0,0,0,0,0,0,0
15,15/1/2022,15,1,2022,0,0,0,0,0,0,0,0,0
16,16/1/2022,16,1,2022,0,0,0,0,0,0,0,0,0
17,17/1/2022,17,1,2022,0,0,0,0,0,0,0,0,0
18,18/1/2022,18,1,2022,0,0,0,0,0,0,0,0,0
19,19/1/2022,19,1,2022,0,0,0,0,0,0,0,0,0
20,20/1/2022,20,1,2022,0,0,0,0,0,0,0,0,0
21,21/1/2022,21,1,2022,0,0,0,0.1,0.1,0,0,0.25,0.45
22,22/1/2022,22,1,2022,0,0,0,0,0.3,0.2,0,0,0.5
23,23/1/2022,23,1,2022,0,0,0,0,0,0,0,0,0
24,24/1/2022,24,1,2022,0,0,0,0,0,0,0,0,0
25,25/1/2022,25,1,2022,0,0,0,0,0,0,0,0,0
26,26/1/2022,26,1,2022,0,0,0,0,0,0,0,0,0
27,27/1/2022,27,1,2022,0,0,0,0,0,14.25,0.1,0,14.35
28,28/1/2022,28,1,2022,0,0,0,0,0,0,0,0,0
29,29/1/2022,29,1,2022,0,0,0,0,0,0,0,0,0
30,30/1/2022,30,1,2022,0,0,0,0,0,0,0,0,0
31,31/1/2022,31,1,2022,0,0,0,0,0,0,0,0,0
32,1/2/2022,1,2,2022,0,0,0,0,0,0,0,0,0
33,2/2/2022,2,2,2022,0,0,0,0,0,0,0,0,0
34,3/2/2022,3,2,2022,0,0,0,0,0,0,0,0,0
35,4/2/2022,4,2,2022,0,0,0,0,0,0,0,1,1
36,5/2/2022,5,2,2022,0,0,0,0,0,0,0,0,0
37,6/2/2022,6,2,2022,0,0,0,0,0,0,0,0,0
38,7/2/2022,7,2,2022,0,0,0,0,0,0,0,0,0
39,8/2/2022,8,2,2022,0,0,0,0,0,0,0,0,0
40,9/2/2022,9,2,2022,0,0,0,0,0,23.7,0,0,23.7
41,10/2/2022,10,2,2022,0,0,0,0,0,11.3,0.25,0,11.55
42,11/2/2022,11,2,2022,0,0,0,0,0,0.05,0,0,0.05
43,12/2/2022,12,2,2022,0,0,0,0,0,0.1,1.1,0,1.2
44,13/2/2022,13,2,2022,0,0,0,0,0,0,0,0,0
45,14/2/2022,14,2,2022,0,0,0,0,0,0,0,0,0
46,15/2/2022,15,2,2022,0,0,0,0,0,0,0,10.6,10.6
47,16/2/2022,16,2,2022,0.3,0,0,0,0,0,0,0,0.3
48,17/2/2022,17,2,2022,0,0,0.1,0,0.1,7,18.4,0,25.6
49,18/2/2022,18,2,2022,0,0,0,0.1,0.1,0,0,0,0.2
50,19/2/2022,19,2,2022,0,0,0.9,0,0,0,0,0,0.9
51,20/2/2022,20,2,2022,0,0,0,0,1.4,0,0,0,1.4
52,21/2/2022,21,2,2022,0,0,0,0,0,6.8,0.1,0,6.9
53,22/2/2022,22,2,2022,0,0,0,0,0,0,0,0,0
54,23/2/2022,23,2,2022,0,0,0,0,0,0,0,0,0
55,24/2/2022,24,2,2022,0,0,0,0,0,0,0,0,0
56,25/2/2022,25,2,2022,0,0,0,0,0,0,0,0,0
57,26/2/2022,26,2,2022,0,0,0,0,0,0,0,0,0
58,27/2/2022,27,2,2022,0,0,0,0,0,0,0,0,0
59,28/2/2022,28,2,2022,0,0,0,0,0,0,0,0,0
60,1/3/2022,1,3,2022,0,0,0,0,0,0,0,0,0
61,2/3/2022,2,3,2022,0,0,0,0,0,0,0,0,0
62,3/3/2022,3,3,2022,0,0,0,0,0,0,0,0,0
63,4/3/2022,4,3,2022,0,0,0,0,0,0,0,0,0
64,5/3/2022,5,3,2022,0,0,0,0,0,0,0,0,0
65,6/3/2022,6,3,2022,0,0,0,0,0,0,0,0,0
66,7/3/2022,7,3,2022,0,0,0,0,0,0,0,3,3
67,8/3/2022,8,3,2022,1.7,0,0,0,0,0,0,0,1.7
68,9/3/2022,9,3,2022,0,0,0,0,0,0,0,0,0
69,10/3/2022,10,3,2022,0,0,0,0,0,0,0.7,0,0.7
70,11/3/2022,11,3,2022,0,0,0,0,0,0,0,0,0
71,12/3/2022,12,3,2022,0,0,0,0,0,0,0,0,0
72,13/3/2022,13,3,2022,0,0,0,0,0,0,0,0,0
73,14/3/2022,14,3,2022,0,0,0,0,0,0,0,0,0
74,15/3/2022,15,3,2022,0,0,0,0,0,0,0,0,0
75,16/3/2022,16,3,2022,0,0,0,0,0,0,0,0,0
76,17/3/2022,17,3,2022,0,0,0,0,0,0,0,0,0
77,18/3/2022,18,3,2022,0,0,0,0,0,20.3,22.65,0,42.95
78,19/3/2022,19,3,2022,0,0,0,0,0,0,0,0,0
79,20/3/2022,20,3,2022,1.7,0,0,0,0,3.6,0.3,0,5.6
80,21/3/2022,21,3,2022,0,11.2,7.4,0,1.6,0,0,0,20.2
81,22/3/2022,22,3,2022,0,0,0,0,0.1,0,0,0,0.1
82,23/3/2022,23,3,2022,0,0,0,0,0,0,6.3,0,6.3
83,24/3/2022,24,3,2022,0,0,0,0,0.25,7.9,0,0,8.15
84,25/3/2022,25,3,2022,0,0,0,0,0,0,0,0,0
85,26/3/2022,26,3,2022,0,0,0,0,0,0,10.6,0,10.6
86,27/3/2022,27,3,2022,0,0,0,0,0,0.15,0,0,0.15
87,28/3/2022,28,3,2022,0,0,0,0,0,0,0,0,0
88,29/3/2022,29,3,2022,2.7,1.3,0,0,0,0,0,0,4
89,30/3/2022,30,3,2022,0,6.2,0,0,0,0,0,0,6.2
90,31/3/2022,31,3,2022,0,0,0,0,0,0,0,0,0
91,1/4/2022,1,4,2022,0,0,0,0,0,0,0,0,0
92,2/4/2022,2,4,2022,0,0,0,0,0,0,0,0,0
93,3/4/2022,3,4,2022,0,0,0,1.95,0,0,0,0,1.95
94,4/4/2022,4,4,2022,0,0,0,0,0,0,0,0,0
95,5/4/2022,5,4,2022,0,0,0,0,0,0,0,0,0
96,6/4/2022,6,4,2022,0,0,0,0,0,0,0,0,0
97,7/4/2022,7,4,2022,0,0,0,0,0,0,0,0,0
98,8/4/2022,8,4,2022,0,0,0,0,0,0,0,0,0
99,9/4/2022,9,4,2022,0,0,0,0,0,0,0,0,0
100,10/4/2022,10,4,2022,0,0,0,0,0,0,0,0,0
101,11/4/2022,11,4,2022,0,0,0,0,0,0.1,0,0,0.1
102,12/4/2022,12,4,2022,0,0,0,0,0,0,0,0,0
103,13/4/2022,13,4,2022,0,0,0,0,0,0,0,0,0
104,14/4/2022,14,4,2022,0,0,0,0,0,0,0,0,0
105,15/4/2022,15,4,2022,0,0,0,0,0,0,0,0,0
106,16/4/2022,16,4,2022,0,0,0,0,0,0,0,0,0
107,17/4/2022,17,4,2022,0,0,0,0,0,0,0.8,0,0.8
108,18/4/2022,18,4,2022,0,0,0,0,0,0,27.8,4.1,31.9
109,19/4/2022,19,4,2022,0.1,0,0,0,0,0,0,0,0.1
110,20/4/2022,20,4,2022,0,0,0,0,0,0,0,0,0
111,21/4/2022,21,4,2022,0,0,0,4.4,8,0,0,0,12.4
112,22/4/2022,22,4,2022,0,0,0,0,2.2,2,0,0,4.2
113,23/4/2022,23,4,2022,0,0,0,0,0,0.05,0,0,0.05
114,24/4/2022,24,4,2022,0,0,0,0,0,0.1,0,0,0.1
115,25/4/2022,25,4,2022,0,0,0,0,0,0,0,0,0
116,26/4/2022,26,4,2022,0,0,0,0,4.1,0,0,0,4.1
117,27/4/2022,27,4,2022,0,0,0,0,0,0,0,0,0
118,28/4/2022,28,4,2022,0,0,0,0,0,0.1,0.05,12.15,12.3
119,29/4/2022,29,4,2022,5.9,1.2,0,0,0,0,0,0,7.1
120,30/4/2022,30,4,2022,0,0,0,0,0,0,0,0,0
121,1/5/2022,1,5,2022,0,0,3.75,9.5,0.1,0,0,0,13.35
122,2/5/2022,2,5,2022,0,11,2.35,0,0,0,0,0,13.35
123,3/5/2022,3,5,2022,0,0,0,0,0,0,0,0,0
124,4/5/2022,4,5,2022,0,0,0,0,0,0,0,0,0
125,5/5/2022,5,5,2022,0,0,0,0,0,0,0,0,0
126,6/5/2022,6,5,2022,0,0,0,0,0,0,8.5,0.1,8.6
127,7/5/2022,7,5,2022,0,0,0,0,0,27.95,1.45,0,29.4
128,8/5/2022,8,5,2022,0,0,0,0,0,0.15,0.3,0.1,0.55
129,9/5/2022,9,5,2022,0,0,0,0,0,17.7,2.65,0,20.35
130,10/5/2022,10,5,2022,14.3,0.1,0.1,0,15.8,0,0,0,30.3
131,11/5/2022,11,5,2022,0,0,0,0.8,0.3,0,0,0,1.1
132,12/5/2022,12,5,2022,0,0,0,0,0,0,0,0,0
133,13/5/2022,13,5,2022,0,0,0,0,0,0,0,0,0
134,14/5/2022,14,5,2022,0,0,0,0,0,0,0,0,0
135,15/5/2022,15,5,2022,0,0,0,0,0,0,0,0,0
136,16/5/2022,16,5,2022,0,0,0,0,0,0,0.7,0.1,0.8
137,17/5/2022,17,5,2022,0,0,0,0,0,0,8,10.9,18.9
138,18/5/2022,18,5,2022,41.05,2.25,0.05,0,0,2.3,0.9,0.15,46.7
139,19/5/2022,19,5,2022,0,0,0,0,1.7,0,0,0,1.7
140,20/5/2022,20,5,2022,0,0,0,0,0,0,0,0,0
141,21/5/2022,21,5,2022,0,0,0,0,0.15,0,1.6,0,1.75
142,22/5/2022,22,5,2022,0,0,0,0,0,0,0,0,0
143,23/5/2022,23,5,2022,0,0,0,0,0,0,0,0,0
144,24/5/2022,24,5,2022,0,0,0,0,0,0,3.7,0,3.7
145,25/5/2022,25,5,2022,0,0,0,0,0,0,0,15.9,15.9
146,26/5/2022,26,5,2022,0.7,0,0,0,0,0,0,0,0.7
147,27/5/2022,27,5,2022,0,0,0,0,0,0,0,0,0
148,28/5/2022,28,5,2022,0,0,0,0,0,0,0.5,0,0.5
149,29/5/2022,29,5,2022,0,0,0,0,0,0,0,0,0
150,30/5/2022,30,5,2022,0,0,0,0,0,0,0,0,0
151,31/5/2022,31,5,2022,0,0,0,0,0,0,21.6,0.1,21.7
152,1/6/2022,1,6,2022,0,0,0,0,0,0,0,0,0
153,2/6/2022,2,6,2022,0,0,0,0,0,0,0,0,0
154,3/6/2022,3,6,2022,0,0,6.6,3.8,0,0,0,0,10.4
155,4/6/2022,4,6,2022,0,0,0,0,0,0,0,0,0
156,5/6/2022,5,6,2022,0,0,0.05,0,0,0,0,0,0.05
157,6/6/2022,6,6,2022,1.95,0.25,0,0,0,0,0,0,2.2
158,7/6/2022,7,6,2022,0,0,0,0,0,0,0,0,0
159,8/6/2022,8,6,2022,0,0,0,0,0,0,0.3,0,0.3
160,9/6/2022,9,6,2022,0,0,0,0,0,0,0,0.4,0.4
161,10/6/2022,10,6,2022,0,0,0,0,0,0,18.8,19.25,38.05
162,11/6/2022,11,6,2022,0,0,0,0,0,0,0,0,0
163,12/6/2022,12,6,2022,0,0,0,0,0,0,0,0,0
164,13/6/2022,13,6,2022,0,0,0,0,0,0.9,0.6,0,1.5
165,14/6/2022,14,6,2022,0,0,0,0.2,0.1,0.9,0,0,1.2
166,15/6/2022,15,6,2022,0,0,0,13,3.3,2.5,0.1,0,18.9
167,16/6/2022,16,6,2022,0,0,0,0,0,0,0,0,0
168,17/6/2022,17,6,2022,0,0,0,2,0,0,0,0,2
169,18/6/2022,18,6,2022,0,0.1,0,0,0,0,0,0,0.1
170,19/6/2022,19,6,2022,0,0,0,0,0,0,0,0.5,0.5
171,20/6/2022,20,6,2022,0,0,0,0,0,0,0,8.4,8.4
172,21/6/2022,21,6,2022,8.45,0,0,0,0,0,0,0.2,8.65
173,22/6/2022,22,6,2022,0,0,0,0,0,0,0,0.15,0.15
174,23/6/2022,23,6,2022,0,0,0,0,0,0,0,0,0
175,24/6/2022,24,6,2022,0,0,0,0,0,0,34.3,2.4,36.7
176,25/6/2022,25,6,2022,4.3,1.8,0,0,0,0.25,0,0,6.35
177,26/6/2022,26,6,2022,0,0,0,0,0,0,0,0,0
178,27/6/2022,27,6,2022,0,0,0,0,44.3,0,0,0,44.3
179,28/6/2022,28,6,2022,0,0,1.6,0,0,0,0.1,0.1,1.8
180,29/6/2022,29,6,2022,0,0,0,0,0,0,0.3,6.1,6.4
181,30/6/2022,30,6,2022,0,0,0,0,0,0,0.05,0.05,0.1
182,1/7/2022,1,7,2022,0,0,0,0,0,0,0,1.1,1.1
183,2/7/2022,2,7,2022,0,0,0,0,0,0,0,15.45,15.45
184,3/7/2022,3,7,2022,0.45,0,0,0,0,2.6,0,0,3.05
185,4/7/2022,4,7,2022,0,0,0,0,0,0,2,0,2
186,5/7/2022,5,7,2022,0.1,0.8,0,0,0,0,0,0,0.9
187,6/7/2022,6,7,2022,0,0,0,0,0,0,0,0,0
188,7/7/2022,7,7,2022,0,0,0,0,0,0,0,0,0
189,8/7/2022,8,7,2022,0,0,0,0,0,0,7.5,3.25,10.75
190,9/7/2022,9,7,2022,0.55,0.55,0.75,0,0,0,1.3,0,3.15
191,10/7/2022,10,7,2022,0,0.15,0,0,0,0,0,0,0.15
192,11/7/2022,11,7,2022,0.25,0,0,0.15,0,0,0,0,0.4
193,12/7/2022,12,7,2022,0,0,0,0,0,0.5,0.8,0.2,1.5
194,13/7/2022,13,7,2022,0,0,0.35,0.5,0.75,0,0,0,1.6
195,14/7/2022,14,7,2022,0,0,0,0,0,0,2.4,0,2.4
196,15/7/2022,15,7,2022,0.1,0,0,0,0,0,0,1.5,1.6
197,16/7/2022,16,7,2022,0,0,0,0,0,2.7,0,0,2.7
198,17/7/2022,17,7,2022,0,0,0,0,0,0,0,5.5,5.5
199,18/7/2022,18,7,2022,0,0,0,0,0,0,0,0,0
200,19/7/2022,19,7,2022,0,0,0,0,0,0,0,2.9,2.9
201,20/7/2022,20,7,2022,2,0.3,0,0,0,0,1.25,0.1,3.65
202,21/7/2022,21,7,2022,18.15,3.1,0.5,0,14.35,0.55,0,0,36.65
203,22/7/2022,22,7,2022,0,0,0,0.05,3.3,0,0.05,0.1,3.5
204,23/7/2022,23,7,2022,3.65,0.35,0,0,0.2,0,0,0,4.2
205,24/7/2022,24,7,2022,0,0,0,0,0,0,0,2.9,2.9
206,25/7/2022,25,7,2022,0.5,0,0,0,0,0,0,0,0.5
207,26/7/2022,26,7,2022,0,0,0,0,0,0,0,0,0
208,27/7/2022,27,7,2022,0,0,0,0,0,5.1,0,0,5.1
209,28/7/2022,28,7,2022,0,0,0,0,15.1,0.15,2.3,0,17.55
210,29/7/2022,29,7,2022,0,0,0,0.4,0,0.7,14.75,0.2,16.05
211,30/7/2022,30,7,2022,0,0,0,0,0,0,0,0,0
212,31/7/2022,31,7,2022,0,0,0,0,0,0,25.05,2.7,27.75
213,1/8/2022,1,8,2022,0.3,0,0,0,5,23.5,0,1.1,29.9
214,2/8/2022,2,8,2022,18.5,0.7,0,0,0.6,0,0.5,0,20.3
215,3/8/2022,3,8,2022,0.55,0.15,0,0,0,3.05,0.1,1,4.85
216,4/8/2022,4,8,2022,0,0,0,0,0,0,8.15,0.25,8.4
217,5/8/2022,5,8,2022,0.3,0,0,0.1,0,0,0.05,0,0.45
218,6/8/2022,6,8,2022,0,0,0,0,0,0,0,0,0
219,7/8/2022,7,8,2022,0,0,0,0,0,0,0,0,0
220,8/8/2022,8,8,2022,0,0,0.05,0.75,0.25,0,1.6,21.8,24.45
221,9/8/2022,9,8,2022,1,0,0.2,0.15,0,0,0,0,1.35
222,10/8/2022,10,8,2022,0,0,0,0,0,0,0,0,0
223,11/8/2022,11,8,2022,0,0,0,0,0,0,0,0,0
224,12/8/2022,12,8,2022,0,0,0,0,0,0,1.25,0,1.25
225,13/8/2022,13,8,2022,0,0,0,0,0,0,0,0,0
226,14/8/2022,14,8,2022,0,0,0,0,0,0,0,0,0
227,15/8/2022,15,8,2022,0,0,0,0,0,0,25,11.85,36.85
228,16/8/2022,16,8,2022,3.15,2.1,0.25,0,0,2.9,0.1,0.35,8.85
229,17/8/2022,17,8,2022,0.65,0,0,0,0,0.8,3,0,4.45
230,18/8/2022,18,8,2022,0,0,0,0,0,0,4.1,0,4.1
231,19/8/2022,19,8,2022,0,0,0,0,0,0,0,1.7,1.7
232,20/8/2022,20,8,2022,1.05,0,0,0,0,0,0,0,1.1
233,21/8/2022,21,8,2022,0,0,0,0,0,0,2.5,0.3,2.8
234,22/8/2022,22,8,2022,0,0,0,0,0,0.3,0.15,0,0.45
235,23/8/2022,23,8,2022,0,0,0,0,0,0,0,0,0
236,24/8/2022,24,8,2022,0,0,0,0,0,0,0,0,0
237,25/8/2022,25,8,2022,0,0,0.2,2.9,0.35,0,0,12.8,16.25
238,26/8/2022,26,8,2022,2.25,0.8,0,0,1.8,8.3,22.2,5.3,40.65
239,27/8/2022,27,8,2022,0,0,0,0,0,1.45,0,0,1.45
240,28/8/2022,28,8,2022,0,0,0,0,0,0,0,0,0
241,29/8/2022,29,8,2022,0,0,0,2.25,0,0,19.65,5.4,27.3
242,30/8/2022,30,8,2022,0,0,0,0,0,0,0,0,0
243,31/8/2022,31,8,2022,0,0,0,0,0,31.5,6.75,0,38.25
244,1/9/2022,1,9,2022,0,0,0,0,0,3.7,0,0,3.7
245,2/9/2022,2,9,2022,0,0,0,0,0,0,0,0,0
246,3/9/2022,3,9,2022,0,0,0,0,0.75,0.05,0,0,0.8
247,4/9/2022,4,9,2022,0,0,4.6,0,0,0,7.1,10.5,22.2
248,5/9/2022,5,9,2022,0.5,0,0,0,0,1.1,0,0,1.6
249,6/9/2022,6,9,2022,0,0,0,0,0,1.2,10.25,13.1,24.55
250,7/9/2022,7,9,2022,25.75,5.1,0,0.9,0,0,0,5,36.75
251,8/9/2022,8,9,2022,3.2,3.7,0.85,0,17.5,12.7,4.75,0,42.7
252,9/9/2022,9,9,2022,0,0,0,0,0,0,0,0,0
253,10/9/2022,10,9,2022,1.9,0.55,0.5,0,0,0,3.6,4.5,11.05
254,11/9/2022,11,9,2022,0,0,0,0,0,0,0,0,0
255,12/9/2022,12,9,2022,0,0,0.1,0,0,0.1,0.9,0,1.1
256,13/9/2022,13,9,2022,0,0,0,0,0,3,0.6,0,3.6
257,14/9/2022,14,9,2022,0,0,0,0,0,7.4,0.5,0.1,8
258,15/9/2022,15,9,2022,0,0,0,0,0,0,4.9,8.3,13.2
259,16/9/2022,16,9,2022,0.35,0.1,0,0,0,0,0,0,0.45
260,17/9/2022,17,9,2022,0,0,0,0,0,0,0,0,0
261,18/9/2022,18,9,2022,0,0,0,0,0,0,0,11.6,11.6
262,19/9/2022,19,9,2022,0.35,0,0,0,0,0,0,0,0.35
263,20/9/2022,20,9,2022,0,0,0,0,0.1,0,0,0,0.1
264,21/9/2022,21,9,2022,0,0,0,0,0,0,1.7,0,1.7
265,22/9/2022,22,9,2022,1.4,18.8,0.8,0,0,0,0,2.8,23.8
266,23/9/2022,23,9,2022,1.75,1.6,0.25,0,0.1,0,0,0,3.7
267,24/9/2022,24,9,2022,0.9,0.4,0.35,0.05,0,0.7,0,0,2.4
268,25/9/2022,25,9,2022,5.1,3,0.35,0,0.2,0,0,0.1,8.75
269,26/9/2022,26,9,2022,0.3,0.2,3.4,2.95,6.05,0.2,0,0,13.1
270,27/9/2022,27,9,2022,0,0,0,1.75,0,0,0,0,1.75
271,28/9/2022,28,9,2022,0,0,0,0,0,0,0,17,17
272,29/9/2022,29,9,2022,13.1,14.9,12.55,1.4,4.25,0.85,0.05,0,47.1
273,30/9/2022,30,9,2022,0,0,0,0.6,3,0.2,0,0,3.8
274,1/10/2022,1,10,2022,0,0,0,0,0,0,0,0,0
275,2/10/2022,2,10,2022,7.4,1,0,0,0,0,0,0,8.4
276,3/10/2022,3,10,2022,0,0,0,0,0,34,6.2,0.6,40.8
277,4/10/2022,4,10,2022,0,0,0,0,0,0,0.2,0,0.2
278,5/10/2022,5,10,2022,0,0,0,0,0.1,0.15,0,0,0.25
279,6/10/2022,6,10,2022,0,0,0,0,0,0,0.1,1.4,1.5
280,7/10/2022,7,10,2022,0,0,0,0,0,0.4,6,1,7.4
281,8/10/2022,8,10,2022,0,0,0.1,0,0,0,0,0,0.1
282,9/10/2022,9,10,2022,0.2,0,0,0,0,0.15,2.9,0,3.25
283,10/10/2022,10,10,2022,3,1.85,0.6,0.5,0.15,0,2.25,0.7,9.05
284,11/10/2022,11,10,2022,0.3,7.1,1,0,0,0,0,0,8.4
285,12/10/2022,12,10,2022,0,0,0,0,0,0,0,0,0
286,13/10/2022,13,10,2022,0,0,0,0,0,0,0,0,0
287,14/10/2022,14,10,2022,0,0,0,0,0,0,0,0,0
288,15/10/2022,15,10,2022,0,0,0,0,0,0,0,0,0
289,16/10/2022,16,10,2022,0,0,0,0,0,0,0,0,0
290,17/10/2022,17,10,2022,0,0,0,0,0,0,0,0,0
291,18/10/2022,18,10,2022,0,0,0,0,0,0,0,0,0
292,19/10/2022,19,10,2022,0,0,0,0,0,0,0,0,0
293,20/10/2022,20,10,2022,0,0,0,0,0,0,0,0,0
294,21/10/2022,21,10,2022,0,0,0,0,0,0,0,0,0
295,22/10/2022,22,10,2022,0,0,0,0,0,0,0,3,3
296,23/10/2022,23,10,2022,8.55,0,0,0,0,0,0,0,8.55
297,24/10/2022,24,10,2022,0,0,0,0,0,4.25,0,0,4.25
298,25/10/2022,25,10,2022,0,0,0,0,0,0,0,0,0
299,26/10/2022,26,10,2022,0,0,0,0,0,0,0,0,0
300,27/10/2022,27,10,2022,0.1,36.3,1.05,0,0,0,0,0,37.45
301,28/10/2022,28,10,2022,0,0,0,0,0,0,0,0,0
302,29/10/2022,29,10,2022,0,0,0,0,0,0,0,0,0
303,30/10/2022,30,10,2022,0,0,0,0,0,0,0,0,0
304,31/10/2022,31,10,2022,0,0,0,0,0,0,0,0,0
305,1/11/2022,1,11,2022,0,0,0,0,0,0,0,0,0
306,2/11/2022,2,11,2022,0,0,0,0,0,0,0,0,0
307,3/11/2022,3,11,2022,0,0,0,0,0,0,0,0,0
308,4/11/2022,4,11,2022,0,0,0,0,0,0,0,0,0
309,5/11/2022,5,11,2022,0,0,0,0,0,0,0,0,0
310,6/11/2022,6,11,2022,0,0,0,0,0,0,0,0,0
311,7/11/2022,7,11,2022,0,0,0,0,0,0,0,0,0
312,8/11/2022,8,11,2022,0,0,0,0,0,0,0,0,0
313,9/11/2022,9,11,2022,0,0,0,0,0,0,0,0,0
314,10/11/2022,10,11,2022,0,0,0,0,0,0,0,0,0
315,11/11/2022,11,11,2022,0,0,0,0,0,0,0,0,0
316,12/11/2022,12,11,2022,0,0,0,0,0,0,0,0,0
317,13/11/2022,13,11,2022,0,0,0,0,0,0,0,0.65,0.65
318,14/11/2022,14,11,2022,1.6,0.2,0,0,0,2.8,10.4,0.95,15.95
319,15/11/2022,15,11,2022,0,0,0,0,0,0,0,0,0
320,16/11/2022,16,11,2022,0,0,0,0,0,0.15,0,0,0.15
321,17/11/2022,17,11,2022,0,0,0,0,0,0,0,0,0
322,18/11/2022,18,11,2022,0,0,0,0,0,0,7.7,0,7.7
323,19/11/2022,19,11,2022,0,0,0,0,0,0.35,2.8,0,3.15
324,20/11/2022,20,11,2022,0,0,0,0,0,0,0,0.1,0.1
325,21/11/2022,21,11,2022,0,0,0,0,0,0,0,0,0
326,22/11/2022,22,11,2022,0,0,0,0,0,0,0,0,0
327,23/11/2022,23,11,2022,0,0,0,0,0,0.3,0,14.9,15.2
328,24/11/2022,24,11,2022,0.1,0.7,0.1,0.7,0,0,0.05,0.9,2.55
329,25/11/2022,25,11,2022,0,0,0,0,0,0,0,11.5,11.5
330,26/11/2022,26,11,2022,3.1,0.4,0,0,0,0,2.95,0,6.45
331,27/11/2022,27,11,2022,0,0,0,0,0.2,4.7,0,0,4.9
332,28/11/2022,28,11,2022,0,0,0,0,0,0,0,0,0
333,29/11/2022,29,11,2022,0,0,0,0,0,0,0,0,0
334,30/11/2022,30,11,2022,0,0,0,0,0,6.6,0.05,0,6.65
335,1/12/2022,1,12,2022,0,0,0,0,0,0,0,0,0
336,2/12/2022,2,12,2022,0.5,0,0,0,0,0,0,0,0.5
337,3/12/2022,3,12,2022,0,0,0,0,0,0,0,0,0
338,4/12/2022,4,12,2022,0,0,0,0,0,0,1.4,0,1.4
339,5/12/2022,5,12,2022,0,0,0,0,0,0,0,0,0
340,6/12/2022,6,12,2022,0,0,1.1,0,0,0,0,0,1.1
341,7/12/2022,7,12,2022,0,0,0,0,0,0,0.45,0.95,1.4
342,8/12/2022,8,12,2022,0,0,0,0,0,0,0,0,0
343,9/12/2022,9,12,2022,0,0,0,0,0,0,0,0,0
344,10/12/2022,10,12,2022,0,0,0,0,0,0,0,0,0
345,11/12/2022,11,12,2022,0,0,0,0,0,0,0,0,0
346,12/12/2022,12,12,2022,0,0,0,0,0,0,0,0,0
347,13/12/2022,13,12,2022,0,0,0,0,0,0,0,0,0
348,14/12/2022,14,12,2022,0,0,0,0,0,0,0,0,0
349,15/12/2022,15,12,2022,0,0,0,0,0,0,0,0,0
350,16/12/2022,16,12,2022,0,0,0,0,0,0,0,0,0
351,17/12/2022,17,12,2022,0,0,0,0,0,0,0,0,0
352,18/12/2022,18,12,2022,0,0,0,0,0,0,0,0,0
353,19/12/2022,19,12,2022,0,0,0,0,0,0,0,0,0
354,20/12/2022,20,12,2022,0,0,0,0,0,0,0,0,0
355,21/12/2022,21,12,2022,0,0,0,0,0,0,0,0,0
356,22/12/2022,22,12,2022,0,0,0,0,0,0,0,0,0
357,23/12/2022,23,12,2022,0,0,0,0,0,0,0,0,0
358,24/12/2022,24,12,2022,0,0,0,0,0,0,0,0,0
359,25/12/2022,25,12,2022,0,0,0,0,0,0,0,0,0
360,26/12/2022,26,12,2022,0,0,0,0,0,0,0,0,0
361,27/12/2022,27,12,2022,0,0,0,0,0,0,0,0,0
362,28/12/2022,28,12,2022,0,0,0,0,0,0,0,0,0
363,29/12/2022,29,12,2022,0,0,0,0,0,0,0,0,0
364,30/12/2022,30,12,2022,0,0,0,0,0,0,0,0,0
365,31/12/2022,31,12,2022,0,0,0,0,0,0,0,0,0
366,1/1/2023,1,1,2023,0,0,0,0,0,0,0,0,0
367,2/1/2023,2,1,2023,0,0,0,0,0,0,0,0,0
368,3/1/2023,3,1,2023,0,0,0,0,0,0,0,0,0
369,4/1/2023,4,1,2023,0,0,0,0,0,0,0,0,0
370,5/1/2023,5,1,2023,0,0,0,0,0,0,0,0,0
371,6/1/2023,6,1,2023,0,0,0,0,0,0,0,0,0
372,7/1/2023,7,1,2023,0,0,0,0,0,0,0,0,0
373,8/1/2023,8,1,2023,0,0,0,0,0,0,0,0,0
374,9/1/2023,9,1,2023,0,0,0,0,0,0,0,0,0
375,10/1/2023,10,1,2023,0,0,0,0,0,0,0,0,0
376,11/1/2023,11,1,2023,0,0,0,0,0,0,0,0,0
377,12/1/2023,12,1,2023,0,0,0,0,0,0,0,0,0
378,13/1/2023,13,1,2023,0,0,0,0,0,0,0,0,0
379,14/1/2023,14,1,2023,0,0,0,0,0,0,0,0,0
380,15/1/2023,15,1,2023,0,0,0,0,0,0,0,0,0
381,16/1/2023,16,1,2023,0,0,0,0,0,0,0,0,0
382,17/1/2023,17,1,2023,0,0,0,0,0,0,0,0,0
383,18/1/2023,18,1,2023,0,0,0,0,0,0,0,0,0
384,19/1/2023,19,1,2023,0,0,0,0,0,0,0,0,0
385,20/1/2023,20,1,2023,0,0,0,0,0,0,0,0,0
386,21/1/2023,21,1,2023,0,0,0,0,0,0,0,0,0
387,22/1/2023,22,1,2023,0,0,0,0,0,0,0,0,0
388,23/1/2023,23,1,2023,0,0,0,0,0,0,0,0,0
389,24/1/2023,24,1,2023,0,0,0,0,0,0,0,0,0
390,25/1/2023,25,1,2023,0,0,0,0,0,0,0,0,0
391,26/1/2023,26,1,2023,0,0,0,0,0,0,0,0,0
392,27/1/2023,27,1,2023,0,0,0,0,0,0,0,0,0
393,28/1/2023,28,1,2023,0,0,0,0,0,0,0,0,0
394,29/1/2023,29,1,2023,0,0,0,0,0,0,0,0,0
395,30/1/2023,30,1,2023,0,0,0,0,0,0,0,0,0
396,31/1/2023,31,1,2023,0,0,0,0,0,0,0,0,0
397,1/2/2023,1,2,2023,0,0,0,0,0,0,0,0,0
398,2/2/2023,2,2,2023,0,0,0,0,0,0,0,0,0
399,3/2/2023,3,2,2023,0,0,0,0,0,0,0,0,0
400,4/2/2023,4,2,2023,0,0,0,0,0,0,0,0,0
401,5/2/2023,5,2,2023,0,0,0,0,0,0,0,0,0
402,6/2/2023,6,2,2023,0,0,0,0,0,0,0,0,0
403,7/2/2023,7,2,2023,0,0,0,0,0,0,0,0,0
404,8/2/2023,8,2,2023,0,0,0,0,0,0,0.4,0,0.4
405,9/2/2023,9,2,2023,0,0,0,0,0,5.75,0,0,5.75
406,10/2/2023,10,2,2023,0,0,0,0,0,0,0,0,0
407,11/2/2023,11,2,2023,0,0,0,0,0,0,0,0,0
408,12/2/2023,12,2,2023,0,0,0,0,0,0,0,0,0
409,13/2/2023,13,2,2023,0,0,0,0,0,0,0,0,0
410,14/2/2023,14,2,2023,0,0,0,0,0,0,0,0,0
411,15/2/2023,15,2,2023,0,0,0,1.5,2.8,0.15,0,0,4.45
412,16/2/2023,16,2,2023,0,0,0,0,0,0,0,0,0
413,17/2/2023,17,2,2023,0,0,0,0,0,0,0,0,0
414,18/2/2023,18,2,2023,0,0,0,0,0,0,0,0,0
415,19/2/2023,19,2,2023,0,0,0,0,0,0,0,0,0
416,20/2/2023,20,2,2023,0,0,0,0,0,0,0,0,0
417,21/2/2023,21,2,2023,0,0,0,0,0,0,0,0,0
418,22/2/2023,22,2,2023,0,0,0,0,0,0,0,0,0
419,23/2/2023,23,2,2023,0,0,0,0,0,0,0,0,0
420,24/2/2023,24,2,2023,0,0,0,0,0,0,0,0,0
421,25/2/2023,25,2,2023,0,0,0,0,0,0,0,0,0
422,26/2/2023,26,2,2023,0,0,0,0,0,0,0,0,0
423,27/2/2023,27,2,2023,0,0,0,0,0,0,0,0,0
424,28/2/2023,28,2,2023,0,0,0,0,0,0,0,0,0
425,1/3/2023,1,3,2023,0,0,0,0,0,0,0,0,0
426,2/3/2023,2,3,2023,0,0,0,0,0,0,0,0,0
427,3/3/2023,3,3,2023,0,0,0,0,0,0,0,0,0
428,4/3/2023,4,3,2023,0,0,0,0,0,0,0,0,0
429,5/3/2023,5,3,2023,0,0,0,0,0,0,0,0,0
430,6/3/2023,6,3,2023,0,0,0,0,0,0,0,0,0
431,7/3/2023,7,3,2023,0,0,0,0,0,0,0,0,0
432,8/3/2023,8,3,2023,0,0,0,0,0,0,0,0,0
433,9/3/2023,9,3,2023,0,0,0,0,0,0,0,0,0
434,10/3/2023,10,3,2023,0,0,0,0,0,0,0,0,0
435,11/3/2023,11,3,2023,0,0,0,0,0,0,0,0,0
436,12/3/2023,12,3,2023,0,0,0,0,0,0,0,0,0
437,13/3/2023,13,3,2023,2.6,0,0.3,0,0,0,0,0,2.9
438,14/3/2023,14,3,2023,0,0,0,0,0,0,0,0,0
439,15/3/2023,15,3,2023,0,0,0,0,0,0,0,0,0
440,16/3/2023,16,3,2023,0,0,0,0,0,0,0,0,0
441,17/3/2023,17,3,2023,0,0,0,0,0,0,0,0,0
442,18/3/2023,18,3,2023,0,0,0,0,0,0,0,0,0
443,19/3/2023,19,3,2023,0,0,0,0,0,0,0,0,0
444,20/3/2023,20,3,2023,0,0,0,0,0,0,0,0,0
445,21/3/2023,21,3,2023,0,0,0,0,0,0,0,0,0
446,22/3/2023,22,3,2023,0,0,0,0,0,0,0,0,0
447,23/3/2023,23,3,2023,0,0,0,0,0,0,0,0,0
448,24/3/2023,24,3,2023,0,0,0,0,0,0,0,0,0
449,25/3/2023,25,3,2023,0,0,0,0,0,0,0,0,0
450,26/3/2023,26,3,2023,0,0,0,0,0,0,0,0,0
451,27/3/2023,27,3,2023,0,0,0,0,0,0,0,0,0
452,28/3/2023,28,3,2023,0,0,0,0,0,0,0,0,0
453,29/3/2023,29,3,2023,0,0,0,0,0,0,0,0,0
454,30/3/2023,30,3,2023,0,0,0,0,0,0,0,0,0
455,31/3/2023,31,3,2023,0,0,0,0,0,0,0,0,0
456,1/4/2023,1,4,2023,0,0,0,0,0,0,0,0,0
457,2/4/2023,2,4,2023,0,0,0,0,0,3.8,0,0,3.8
458,3/4/2023,3,4,2023,0,0,0,0,0,0,0,0,0
459,4/4/2023,4,4,2023,0,0,0,0,0,0,0,0,0
460,5/4/2023,5,4,2023,0,0,0,0,0,0,0,0,0
461,6/4/2023,6,4,2023,0,0,0,0,0,0,0,0,0
462,7/4/2023,7,4,2023,0,0,0,0,0,0,0,0,0
463,8/4/2023,8,4,2023,0,0,0,0,0,0,0,0,0
464,9/4/2023,9,4,2023,0,0,0,0,0,0,0,0,0
465,10/4/2023,10,4,2023,0,0,0,0,0,0,0,0,0
466,11/4/2023,11,4,2023,0,0,0,0,0,0,0,0,0
467,12/4/2023,12,4,2023,0,0,0,0,0,0,0,0,0
468,13/4/2023,13,4,2023,0,0,0,0,0,0,0,0,0
469,14/4/2023,14,4,2023,0,0,0,0,0,0,0,0,0
470,15/4/2023,15,4,2023,0,0,0,0,0,0,0,0,0
471,16/4/2023,16,4,2023,0,0,0,0,0,0,0,0,0
472,17/4/2023,17,4,2023,0,0,0,0,0,0,0,0,0
473,18/4/2023,18,4,2023,0,0,0,0,0,0,0,0,0
474,19/4/2023,19,4,2023,0,0,0,0,0,0,0,0,0
475,20/4/2023,20,4,2023,0,0,0,0,0,0,0,0,0
476,21/4/2023,21,4,2023,0,0,0,0,0,0,0,0,0
477,22/4/2023,22,4,2023,0,0,0,0,0,0,0,0,0
478,23/4/2023,23,4,2023,0,0,0,0,0,0,0,0,0
479,24/4/2023,24,4,2023,0,0,0,0,0,0,0,0,0
480,25/4/2023,25,4,2023,0,0,0,0,0,0.4,1,0,1.4
481,26/4/2023,26,4,2023,0,6.7,0,0,1.15,0,0,0,7.85
482,27/4/2023,27,4,2023,0,0,0,0,0,0,0.2,0,0.2
483,28/4/2023,28,4,2023,0,0,0,0,0,0,0,0,0
484,29/4/2023,29,4,2023,0,0,0,0,0.05,1,2.45,0,3.5
485,30/4/2023,30,4,2023,0,0,0,0.6,26.55,0,0,0,27.15
486,1/5/2023,1,5,2023,0,0,0,0,0,0,0,0,0
487,2/5/2023,2,5,2023,0,0,0,0,0,0.5,0.4,0.2,1.1
488,3/5/2023,3,5,2023,0,0,0,0,0,0,0,0,0
489,4/5/2023,4,5,2023,0,0,0,0,0,0,0,0,0
490,5/5/2023,5,5,2023,0,0,0,0,0,0,0,0,0
491,6/5/2023,6,5,2023,0,0,0,0,0,0,0,0,0
492,7/5/2023,7,5,2023,0,0,0,0,0,0,0,0,0
493,8/5/2023,8,5,2023,0,0,0,0,0,0,0,0,0
494,9/5/2023,9,5,2023,0,0,0,0,0.2,0,0,0,0.2
495,10/5/2023,10,5,2023,0.9,0.1,0,0,0,0,0,8.35,9.35
496,11/5/2023,11,5,2023,0,0,0,0,0.5,3.35,0,0,3.85
497,12/5/2023,12,5,2023,0,0,0,0,0,0,0,0,0
498,13/5/2023,13,5,2023,4.4,0.1,0,0,0,0,0,0,4.5
499,14/5/2023,14,5,2023,0.8,7.7,0,0,0,0,0.3,0,8.8
500,15/5/2023,15,5,2023,0,0,0,0,0,0,2.2,1.95,4.15
501,16/5/2023,16,5,2023,0,0,0,0,0,0,0,0,0
502,17/5/2023,17,5,2023,0,0,0,0,0,0,0,0,0
503,18/5/2023,18,5,2023,0,0,0,0,0,0,0,0,0
504,19/5/2023,19,5,2023,0,0,0,0,0,0,0,0,0
505,20/5/2023,20,5,2023,0,0,0,0,0,0,0,0,0
506,21/5/2023,21,5,2023,0,0,0,0,0,0,0,0,0
507,22/5/2023,22,5,2023,0,0,0,0,0,0,0,0,0
508,23/5/2023,23,5,2023,0,0,0,0,0,0,1.95,0,1.95
509,24/5/2023,24,5,2023,0,0,0,0,0,0,0,1.95,1.95
510,25/5/2023,25,5,2023,0,0,0,0,0,0,0,0,0
511,26/5/2023,26,5,2023,0,0,0,0,0,0,0,0,0
512,27/5/2023,27,5,2023,4.7,0.4,0,0,0,0,0,0,5.1
513,28/5/2023,28,5,2023,0,0,0.3,0,0,0,0,0,0.3
514,29/5/2023,29,5,2023,0,0,0,0,0.4,0.05,2,14.55,17
515,30/5/2023,30,5,2023,0,0,0,0,0,0,6,0.2,6.2
516,31/5/2023,31,5,2023,0,0,0,0,0,0,0,0,0
517,1/6/2023,1,6,2023,0,0,0,0,0,0,0,0,0
518,2/6/2023,2,6,2023,0,0,0,0,0,0,0,0.15,0.15
519,3/6/2023,3,6,2023,0,0,0,0,0,0,0,8.6,8.6
520,4/6/2023,4,6,2023,0.25,0,0,0,0,0,0,0,0.25
521,5/6/2023,5,6,2023,0,0,0,0,0,0,0,0,0
522,6/6/2023,6,6,2023,0,0,0,0,0,2,0.35,0.6,2.95
523,7/6/2023,7,6,2023,0,0,0,0,0,0,0,19.4,19.4
524,8/6/2023,8,6,2023,2.6,0.6,0,0,0.05,0,0.15,0,3.4
525,9/6/2023,9,6,2023,0,0.1,0.15,0,0,0,0,0,0.25
526,10/6/2023,10,6,2023,0,0,0,0,0.05,0,0,0,0.05
527,11/6/2023,11,6,2023,0,0,0,0,0,0,0,0,0
528,12/6/2023,12,6,2023,0,0,0,0,0,1.35,0,0,1.35
529,13/6/2023,13,6,2023,0,0,0,0,0,1.4,0,0,1.4
530,14/6/2023,14,6,2023,0,0,0,0,0,0,0.05,0,0.05
531,15/6/2023,15,6,2023,0,0,0,0,0,0,0,0,0
532,16/6/2023,16,6,2023,0,0,0,0,0.1,0.2,0,0,0.3
533,17/6/2023,17,6,2023,0.1,0.4,0.2,0,0,0.55,0.1,3,4.35
534,18/6/2023,18,6,2023,0,0.4,0,0,0.5,0,23,0.1,24
535,19/6/2023,19,6,2023,0,0,0,0,0,0,0,0,0
536,20/6/2023,20,6,2023,0,0,0,0,0,0,0,0,0
537,21/6/2023,21,6,2023,0,0,0,0,0,0,0,0,0
538,22/6/2023,22,6,2023,0,0.2,0,0,0,0,0,0,0.2
539,23/6/2023,23,6,2023,0,0,0,0,0,0,0,2.7,2.7
540,24/6/2023,24,6,2023,0,0.2,0,0,0,0,0,0,0.2
541,25/6/2023,25,6,2023,0,0,0,0,0,0,0.1,0,0.1
542,26/6/2023,26,6,2023,0,0,0,0,0,0,0,0,0
543,27/6/2023,27,6,2023,0,0,0,0,0,0,0,0,0
544,28/6/2023,28,6,2023,0,0,0,0,0,0,12.3,14.85,27.15
545,29/6/2023,29,6,2023,0,0,0,0,0,0,6.15,0,6.15
546,30/6/2023,30,6,2023,0,0,0,0,0,0,0,0,0
547,1/7/2023,1,7,2023,0,0.1,11.2,0,0,10.25,0,0,21.55
548,2/7/2023,2,7,2023,0,0.1,0,0,0,5.7,8.5,0.8,15.1
549,3/7/2023,3,7,2023,0.1,0.3,0,0,0,0,0,0,0.4
550,4/7/2023,4,7,2023,0,0,0,0,0.55,0.2,0.05,1.3,2.1
551,5/7/2023,5,7,2023,0.1,0,0.25,0.65,0,0,17.3,4.75,23.05
552,6/7/2023,6,7,2023,0,0,0,0,0,0,0,2.7,2.7
553,7/7/2023,7,7,2023,0,0,0,0,0,0,0,0,0
554,8/7/2023,8,7,2023,0,0,0,0,0.6,0,0,0,0.6
555,9/7/2023,9,7,2023,0.5,0,0,0,17.7,0,0,0,18.2
556,10/7/2023,10,7,2023,0,0,0,0.3,0.05,0,0,0,0.35
557,11/7/2023,11,7,2023,0,0.1,1.1,0.1,0,0,0,0,1.3
558,12/7/2023,12,7,2023,0,0,0,0,0,0,0,0,0
559,13/7/2023,13,7,2023,0,0,0,0,0,0,0.1,3.8,3.9
560,14/7/2023,14,7,2023,0.1,0,0,0,0,0,0,0,0.1
561,15/7/2023,15,7,2023,0,0,0,0,0,0,0,0,0
562,16/7/2023,16,7,2023,0,0,0,0,0,0,0,0,0
563,17/7/2023,17,7,2023,0,0,0,0,0,0,0,0,0
564,18/7/2023,18,7,2023,0,0,0,0,0,0,0,0,0
565,19/7/2023,19,7,2023,0,0,0,0,0,0,0,0,0
566,20/7/2023,20,7,2023,0,0,0,0,0,0,2,0,2
567,21/7/2023,21,7,2023,0,0,0,0,0,0,0,0,0
568,22/7/2023,22,7,2023,12.15,6.1,0,0,0,0,3.3,0,21.55
569,23/7/2023,23,7,2023,0,0,0,0,1.75,0,3,3.15,7.9
570,24/7/2023,24,7,2023,1.95,0.2,0,0,0,0,0,0,2.15
571,25/7/2023,25,7,2023,0,0.85,0,0,0,0,0,0,0.85
572,26/7/2023,26,7,2023,0,0,0,0,0,0,0,0,0
573,27/7/2023,27,7,2023,0,0,0,0,0,0,0,0,0
574,28/7/2023,28,7,2023,0,0,0,0,0,0,0,0,0
575,29/7/2023,29,7,2023,0,0,0,0,0,0,0,0,0
576,30/7/2023,30,7,2023,0,0,0,0,0.9,0,0,0,0.9
577,31/7/2023,31,7,2023,0,0.9,8.55,0,0,0,0,0,9.45
578,1/8/2023,1,8,2023,0,0,0,0,0,0,0.4,0,0.4
579,2/8/2023,2,8,2023,0,0,0,0,0,2,2,0,4
580,3/8/2023,3,8,2023,0,0,0,0,0,1.4,7.6,0,9
581,4/8/2023,4,8,2023,0,0,0,0,0,0,2.1,0,2.1
582,5/8/2023,5,8,2023,0,0,0,0,0,0,1.85,0,1.85
583,6/8/2023,6,8,2023,0,0,0,0,0,0.6,1.5,0,2.1
584,7/8/2023,7,8,2023,0,0,0,0,0,0,0,0,0
585,8/8/2023,8,8,2023,0,0,0,0,0,2.85,3.35,0,6.2
586,9/8/2023,9,8,2023,0,0,0,0,0,0,9.15,2.75,11.9
587,10/8/2023,10,8,2023,0,0,0,0,0,0,0,0,0
588,11/8/2023,11,8,2023,0,0,0,0,0,0,12.3,0.2,12.5
589,12/8/2023,12,8,2023,0,0,0,0,0,0,11.4,11.8,23.2
590,13/8/2023,13,8,2023,0,0,0,0,0,0,0,0,0
591,14/8/2023,14,8,2023,0,0,0,0,0,0,0,0,0
592,15/8/2023,15,8,2023,0,0,0,0,0,0,0.2,0,0.2
593,16/8/2023,16,8,2023,0,0,0,0,0,0,0,0,0
594,17/8/2023,17,8,2023,0,0,0,0,0,0,0,0.05,0.05
595,18/8/2023,18,8,2023,0,0,0,0,0,0,0,0,0
596,19/8/2023,19,8,2023,0,0,0,0,0,0,0,0,0
597,20/8/2023,20,8,2023,0,0,0,0,0,0,0,1.5,1.5
598,21/8/2023,21,8,2023,0.3,0,0,0,0,0.8,0.3,0.8,2.2
599,22/8/2023,22,8,2023,0.3,0,0,0,0,0,1.75,21.85,23.9
600,23/8/2023,23,8,2023,0.1,0,0,0,0,0,6.9,0,7
601,24/8/2023,24,8,2023,0,0,0,0,0,2,0.9,0,2.9
602,25/8/2023,25,8,2023,0,0,0,0,0,0,1,0.1,1.1
603,26/8/2023,26,8,2023,0,0,0,0,0,0,0,0,0
604,27/8/2023,27,8,2023,0,0,0,0,0,0,0,0,0
605,28/8/2023,28,8,2023,0,0,0,0,0,0,0,0,0
606,29/8/2023,29,8,2023,0,0,0,0,0,0,0,0,0
607,30/8/2023,30,8,2023,0,0,0,0,0,0,0,0.5,0.5
608,31/8/2023,31,8,2023,0.2,0.1,3.5,0,0,0,17.15,10.6,31.55
609,1/9/2023,1,9,2023,2.9,0.4,0,0,0,0,0,1,4.3
610,2/9/2023,2,9,2023,0,0,0,0,0,0,0.25,0.15,0.4
611,3/9/2023,3,9,2023,0,0,0,0,0,0,0,0,0
612,4/9/2023,4,9,2023,6.8,0.1,0,0,0,0,0,0,6.9
613,5/9/2023,5,9,2023,0,0,0,0,0,0,0,0,0
614,6/9/2023,6,9,2023,0,0,0,0,0,0,0,0,0
615,7/9/2023,7,9,2023,0.15,0,0,0,0,0,0,0,0.15
616,8/9/2023,8,9,2023,0,1,0,0,0,0,0,0,1
617,9/9/2023,9,9,2023,0,0,0,0,0,0,5.65,2.55,8.2
618,10/9/2023,10,9,2023,0.95,0.6,0,0,0,0,0.8,9.2,11.55
619,11/9/2023,11,9,2023,0.9,1.15,0,0,0,0,2.2,0.2,4.45
620,12/9/2023,12,9,2023,0,0,0,0,0,0.6,0,0,0.6
621,13/9/2023,13,9,2023,0,0,0,0,0,0,0.1,0,0.1
622,14/9/2023,14,9,2023,0,0.1,0.25,0,0,0,4.7,0,5.05
623,15/9/2023,15,9,2023,0.45,0.15,0,0,0,0,0,2.45,3.05
624,16/9/2023,16,9,2023,0.85,0,0,0,0,0,18.9,4.3,24.05
625,17/9/2023,17,9,2023,0.25,0,0,0,0,0,0,10.2,10.45
626,18/9/2023,18,9,2023,8.8,2.5,0,0,0,0.3,9.6,0.45,21.65
627,19/9/2023,19,9,2023,0,0,0,0,0,0,0,0,0
628,20/9/2023,20,9,2023,0,0,0,0,0,0,0,0,0
629,21/9/2023,21,9,2023,11.3,14.2,2.25,0,0,0,2.55,8.9,39.2
630,22/9/2023,22,9,2023,1.6,0,0,0,0,0,0,0,1.6
631,23/9/2023,23,9,2023,0,0,0,0,0,2.8,0,0,2.8
632,24/9/2023,24,9,2023,0,0,0,0,3.3,1,0,0,4.3
633,25/9/2023,25,9,2023,0,0,0,0,0,0,0,0,0
634,26/9/2023,26,9,2023,0,2.45,0.35,0,0,0,0,3,5.8
635,27/9/2023,27,9,2023,3.1,0,0,0.1,0,5.95,1.35,2.85,13.35
636,28/9/2023,28,9,2023,1.5,0.85,0,0.8,0.2,0,4,0.4,7.75
637,29/9/2023,29,9,2023,0,0,0,0,0,0,9.3,5.2,14.5
638,30/9/2023,30,9,2023,0.1,0,0,0,0,0,15.05,0.85,16
639,1/10/2023,1,10,2023,0.1,0,0,0,0,0,0,0,0.1
640,2/10/2023,2,10,2023,0,0,0,0,0,0,0,0,0
641,3/10/2023,3,10,2023,0,0,0,0,0,1,2.75,3.6,7.35
642,4/10/2023,4,10,2023,3.5,0.35,1.45,0,0.3,0,6.85,0,12.45
643,5/10/2023,5,10,2023,0,0,0,0,6.2,3.4,0.9,1.6,12.1
644,6/10/2023,6,10,2023,0,0.1,0,0.1,0,2.5,0,0,2.7
645,7/10/2023,7,10,2023,0,0,0,0,0,0,0,7.75,7.75
646,8/10/2023,8,10,2023,2.15,0.25,0,0,0,0,2,13.3,17.7
647,9/10/2023,9,10,2023,0.2,0,0,0,0,0,0,9.4,9.6
648,10/10/2023,10,10,2023,1.7,0.05,1.35,0.7,0,0,0,0.2,4
649,11/10/2023,11,10,2023,0.25,0,0.5,2,0,0,0,0,2.75
650,12/10/2023,12,10,2023,0,0,0.4,0.6,0.2,0,0,0,1.2
651,13/10/2023,13,10,2023,0,0,0,0,0,0,0,0,0
652,14/10/2023,14,10,2023,0,0,0,0,0,0,0,0,0
653,15/10/2023,15,10,2023,0,0,0,0,0,0,0,0,0
654,16/10/2023,16,10,2023,0,0,0,0,0,0,0,0,0
655,17/10/2023,17,10,2023,0,0,0,0,0,0.1,0,0,0.1
656,18/10/2023,18,10,2023,0,0,0,0,0,0,0,0,0
657,19/10/2023,19,10,2023,0,0.15,0.25,0,0,0,0,0,0.4
658,20/10/2023,20,10,2023,0,0,0,0,0,0,0,4.25,4.25
659,21/10/2023,21,10,2023,0,0.1,6.2,0,0.1,0,0.2,2.7,9.3
660,22/10/2023,22,10,2023,0.5,0,0,0,0,0,0,4.7,5.2
661,23/10/2023,23,10,2023,0,0,0,0,0,0,0,0,0
662,24/10/2023,24,10,2023,0,0,0,0,0,0,0,0,0
663,25/10/2023,25,10,2023,0,0,0,0,0,0,0,0,0
664,26/10/2023,26,10,2023,0,0,0,0,0,0,0,0,0
665,27/10/2023,27,10,2023,0,6.5,0,0,0,0,0,0,6.5
666,28/10/2023,28,10,2023,0,0,0,0,8.75,0.35,0,0,9.1
667,29/10/2023,29,10,2023,0,0,0,0,0,0,0,0.1,0.1
668,30/10/2023,30,10,2023,0,0,0,0,18.6,3.7,0,0,22.3
669,31/10/2023,31,10,2023,0,0,0,0,0,0,0,0,0
670,1/11/2023,1,11,2023,0,0,0,0,0,0,0,0,0
671,2/11/2023,2,11,2023,0,0,0,0,0,0,0,0,0
672,3/11/2023,3,11,2023,0,0,0,0,0,0,0,0,0
673,4/11/2023,4,11,2023,0,0,0,0,0,3,20.55,0,23.55
674,5/11/2023,5,11,2023,0,0,0,0,0,1.1,1.9,0,3
675,6/11/2023,6,11,2023,0,0,0,0,0,0,0.1,5.8,5.9
676,7/11/2023,7,11,2023,2,0.5,0,0,0,0,0,0,2.5
677,8/11/2023,8,11,2023,0,0,0,0,0,0,0,0,0
678,9/11/2023,9,11,2023,0,0,0,0,0,0,0,0,0
679,10/11/2023,10,11,2023,0,0,0,0,0,0,3.4,3.6,7
680,11/11/2023,11,11,2023,0,0,0,0,0,0,0.9,0,0.9
681,12/11/2023,12,11,2023,0,0,0,0,0,0.4,0,0,0.4
682,13/11/2023,13,11,2023,0,0,0,0,0,0,0,0,0
683,14/11/2023,14,11,2023,0,0,0,0,0,0,0,0,0
684,15/11/2023,15,11,2023,0,0,0,0,0,0,0,2.5,2.5
685,16/11/2023,16,11,2023,0,0,0,0,0,0,0.8,5.35,6.15
686,17/11/2023,17,11,2023,0,0,0,0,0,0,0,0,0
687,18/11/2023,18,11,2023,0,0,0,0,0,0,0,0,0
688,19/11/2023,19,11,2023,0,0,0,0,0,0,0,0,0
689,20/11/2023,20,11,2023,0,0,0,0,0,0,0,0,0
690,21/11/2023,21,11,2023,0,0,0,0,0,0,0,0,0
691,22/11/2023,22,11,2023,0,0,0,0,0,0,0,0,0
692,23/11/2023,23,11,2023,0,0,0,0,0,0,0,0,0
693,24/11/2023,24,11,2023,0,0,0,0,0,0,0,0,0
694,25/11/2023,25,11,2023,0,0,0,0,0,0,0,0,0
695,26/11/2023,26,11,2023,0,0,0,0,0,0,0,0,0
696,27/11/2023,27,11,2023,0,0.1,0,0,0,0,0,0,0.1
697,28/11/2023,28,11,2023,0,0,0,0,0,0,0,0,0
698,29/11/2023,29,11,2023,0,0,0,0,0,0,0,0,0
699,30/11/2023,30,11,2023,0,0,0,0,0,0,0,0,0
700,1/12/2023,1,12,2023,0,0,0,0,0,0,0,0,0
701,2/12/2023,2,12,2023,13.9,2.35,0,0,0,0,0,0,16.25
702,3/12/2023,3,12,2023,0,0,0,0,0,0,3.1,0,3.1
703,4/12/2023,4,12,2023,0.3,0.2,0,0,0,0,0,0,0.5
704,5/12/2023,5,12,2023,0,0,0,0,0,0,0,0,0
705,6/12/2023,6,12,2023,0,0,0,0,0,0,0.1,10.3,10.4
706,7/12/2023,7,12,2023,5.8,0.15,0,0,0,0,0,0,5.95
707,8/12/2023,8,12,2023,0,0,0,0,0,0,0,0,0
708,9/12/2023,9,12,2023,0,0,0,0,0,0,0,0,0
709,10/12/2023,10,12,2023,0,0,0,0,0,0,0,0,0
710,11/12/2023,11,12,2023,0,0,0,0,0,0,0,0,0
711,12/12/2023,12,12,2023,0,0,0,0,0,0,0,0,0
712,13/12/2023,13,12,2023,0,0,0,0,0,0,0,0,0
713,14/12/2023,14,12,2023,0,0,0,0,0,0,0,0,0
714,15/12/2023,15,12,2023,0,0,0,0,0,0,0,0,0
715,16/12/2023,16,12,2023,0,0,0,0,0,0,0,0,0
716,17/12/2023,17,12,2023,0,0,0,0,0,0,0,0,0
717,18/12/2023,18,12,2023,0,0,0,0,0,0,0,0,0
718,19/12/2023,19,12,2023,0,0,0,0,0,0,0,0,0
719,20/12/2023,20,12,2023,0,0,0,0,0,0,0,0,0
720,21/12/2023,21,12,2023,0,0,0,0,0,0,0,0,0
721,22/12/2023,22,12,2023,0,0,0,0,0,0,0,0,0
722,23/12/2023,23,12,2023,0,0,0,0,0,0,0,0,0
723,24/12/2023,24,12,2023,0,0,0,0,0,0,0,0,0
724,25/12/2023,25,12,2023,0,0,0,0,0,0,0,0,0
725,26/12/2023,26,12,2023,0,0,0,0,0,0,0,0,0
726,27/12/2023,27,12,2023,0,0,0,0,0,0,0,0,0
727,28/12/2023,28,12,2023,0,0,0,0,0,0,0,0,0
728,29/12/2023,29,12,2023,0,0,0,0,0,0,0,0,0
729,30/12/2023,30,12,2023,0,0,0,0,0,0,0,0,0
730,31/12/2023,31,12,2023,0,0,0,0,0,0,0,0,0
731,1/1/2024,1,1,2024,0,0,0,0,0,0,0,0,0
732,2/1/2024,2,1,2024,0,0,0,0,0,0,0,0,0
733,3/1/2024,3,1,2024,0,0,0,0,0,0,0,0,0
734,4/1/2024,4,1,2024,0,0,0,0,0,0,0,0,0
735,5/1/2024,5,1,2024,0,0,0,0,0,0,0,0,0
736,6/1/2024,6,1,2024,0,0,0,0,0,0,0,0,0
737,7/1/2024,7,1,2024,0,0,0,0,0,0,0,0,0
738,8/1/2024,8,1,2024,0,0,0,0,0,0,0,0,0
739,9/1/2024,9,1,2024,0,0,0,0,0,0,0,0,0
740,10/1/2024,10,1,2024,0,0,0,0,0,0,0,0,0
741,11/1/2024,11,1,2024,0,0,0,0,0,0,0,0,0
742,12/1/2024,12,1,2024,0,0,0,0,0,0,0,0,0
743,13/1/2024,13,1,2024,0,0,0,0,0,0,0,0,0
744,14/1/2024,14,1,2024,0,0,0,0,0,0,0,0,0
745,15/1/2024,15,1,2024,0,0,0,0,0,0,0,0,0
746,16/1/2024,16,1,2024,0,0,0,0,0,0,0,0,0
747,17/1/2024,17,1,2024,0,0,0,0,0,0,0,0,0
748,18/1/2024,18,1,2024,0,0,0,0,0,0,0,0,0
749,19/1/2024,19,1,2024,0,0,0,0,0,0,0,0,0
750,20/1/2024,20,1,2024,0,0,0,0,0,0,0,0,0
751,21/1/2024,21,1,2024,0,0,0,0,0,0,0,0,0
752,22/1/2024,22,1,2024,0,0,0,0,0,0,0,0,0
753,23/1/2024,23,1,2024,0,0,0,0,0,0,0,0,0
754,24/1/2024,24,1,2024,0,0,0,0,0,0,0.1,1.55,1.65
755,25/1/2024,25,1,2024,0.05,0,0,0,0,0,0,0,0.05
756,26/1/2024,26,1,2024,0,0,0,0,0,0,0,0,0
757,27/1/2024,27,1,2024,0,0,0,0,0,0,0,0,0
758,28/1/2024,28,1,2024,0,0,0,0,0,0,0,0,0
759,29/1/2024,29,1,2024,0,0,0,0,0,0,0,0,0
760,30/1/2024,30,1,2024,0,0,0,0,0,0,0,0,0
761,31/1/2024,31,1,2024,0,0,0,0,0,0,0,0,0
762,1/2/2024,1,2,2024,0,0,0,0,0,0,0.55,0,0.55
763,2/2/2024,2,2,2024,0,0,0,0,0,0,0,0,0
764,3/2/2024,3,2,2024,0,0,0,0,0,0,0,0,0
765,4/2/2024,4,2,2024,0,0,0,0,0,0,0,0,0
766,5/2/2024,5,2,2024,0,0,0,0,0,0,0,0,0
767,6/2/2024,6,2,2024,0,0,0,0,0,0,0,0,0
768,7/2/2024,7,2,2024,0,0,0,0,0,0,0,0,0
769,8/2/2024,8,2,2024,0,0,0,0,0,0,0,0,0
770,9/2/2024,9,2,2024,0,0,0,0,0,0,0,0,0
771,10/2/2024,10,2,2024,0,0,0,0,0,0,0,0,0
772,11/2/2024,11,2,2024,0,0,0,0,0,0,0,0,0
773,12/2/2024,12,2,2024,0,0,0,0,0,0,0,0,0
774,13/2/2024,13,2,2024,0,0,0,0,0,0,0,0,0
775,14/2/2024,14,2,2024,0,0,0,0,0,0,0,0,0
776,15/2/2024,15,2,2024,0,0,0,0,0,0,0,0,0
777,16/2/2024,16,2,2024,0,0,0,0,0,0,0,0,0
778,17/2/2024,17,2,2024,0,0,0,0,0,0,0,0,0
779,18/2/2024,18,2,2024,0,0,0,0,0,0,0,0,0
780,19/2/2024,19,2,2024,0,0,0,0,0,0,0,0,0
781,20/2/2024,20,2,2024,0,0,0,0,0,0,0,0,0
782,21/2/2024,21,2,2024,0,0,0,0,0,0,0,0,0
783,22/2/2024,22,2,2024,0,0,0,0,0,0,0,0,0
784,23/2/2024,23,2,2024,0,0,0,0,0,0,0,0,0
785,24/2/2024,24,2,2024,0,0,0,0,0,0,0,0,0
786,25/2/2024,25,2,2024,0,0,0,0,0,0,0,0,0
787,26/2/2024,26,2,2024,0,0,0,0,0,0,0,0,0
788,27/2/2024,27,2,2024,0,0,0,0,0,0,0,0,0
789,28/2/2024,28,2,2024,0,0,0,0,0,0.6,0,0,0.6
790,29/2/2024,29,2,2024,0,0,0,0,0,0,0,0,0
791,1/3/2024,1,3,2024,0,0,0,0,0,0,0,0,0
792,2/3/2024,2,3,2024,0,0,0,0,0,0.6,0,0,0.6
793,3/3/2024,3,3,2024,0,0.25,0,0,0,0,0,0,0.25
794,4/3/2024,4,3,2024,0,0,0,0,0,0,0,0,0
795,5/3/2024,5,3,2024,0,0,0,0,0,0,0,0,0
796,6/3/2024,6,3,2024,0,0,0,0,0,0,0,0,0
797,7/3/2024,7,3,2024,0,0,0,0,0,0,0,0,0
798,8/3/2024,8,3,2024,0,0,0,0,0,0,0,0,0
799,9/3/2024,9,3,2024,0,0,0,0,0,0,0,0,0
800,10/3/2024,10,3,2024,0,0,0,0,0,0,0,0,0
801,11/3/2024,11,3,2024,0,0,0,0,0,0,0,0,0
802,12/3/2024,12,3,2024,0,0,0,0,0,0,7.1,0,7.1
803,13/3/2024,13,3,2024,0,0,0,0,0,2.2,0,0,2.2
804,14/3/2024,14,3,2024,0,0,0,0,0,0,0,0,0
805,15/3/2024,15,3,2024,0,0,0,0,0,0,0,0,0
806,16/3/2024,16,3,2024,0,0,0,0,0,0,0,0,0
807,17/3/2024,17,3,2024,0,0,0,0,0,0,0,0,0
808,18/3/2024,18,3,2024,0,0,0,0,0,0,0,0,0
809,19/3/2024,19,3,2024,0,0,0,0,0,0,0,0,0
810,20/3/2024,20,3,2024,0,0,0.85,6.6,1.2,0,0,0,8.65
811,21/3/2024,21,3,2024,0,0,0,0,0,0,0,0,0
812,22/3/2024,22,3,2024,0,0,0,0,0,0,0,0,0
813,23/3/2024,23,3,2024,0,0,0,0,0,0,0,0,0
814,24/3/2024,24,3,2024,0,0,0,0,0,0,0,0,0
815,25/3/2024,25,3,2024,0,0,0,0,0,0,0,0,0
816,26/3/2024,26,3,2024,0,0,0,0,0,0,0,0,0
817,27/3/2024,27,3,2024,0,0,0,0,0,0,0,0,0
818,28/3/2024,28,3,2024,0,0,0,0,0,0,0,0,0
819,29/3/2024,29,3,2024,0,0,0,0,0,0,0,0,0
820,30/3/2024,30,3,2024,0,0,0,0,0,0,0,0,0
821,31/3/2024,31,3,2024,0,0,0,0,0,0,0,0,0
822,1/4/2024,1,4,2024,0,0,0,0,0,0,0,0,0
823,2/4/2024,2,4,2024,0,0,0,0,0,0,0,0,0
824,3/4/2024,3,4,2024,0,0,0,0,0,0,0,0,0
825,4/4/2024,4,4,2024,0,0,0,0,0,0,0,0,0
826,5/4/2024,5,4,2024,0,0,0,0,0,0,0,0,0
827,6/4/2024,6,4,2024,0,0,0,0,0,0,0,0,0
828,7/4/2024,7,4,2024,0,0,0,0,0,0,0,0,0
829,8/4/2024,8,4,2024,0,0,0,0,0,0,0,0,0
830,9/4/2024,9,4,2024,0,0,0,0,0,0,0,0,0
831,10/4/2024,10,4,2024,0,0,0,0,0.2,0,0,0,0.2
832,11/4/2024,11,4,2024,0,0,0,0,0,0,0,0,0
833,12/4/2024,12,4,2024,0,0,0,0,0,0,0.35,0,0.35
834,13/4/2024,13,4,2024,0,0,0,0,0,0,0,0,0
835,14/4/2024,14,4,2024,0,0,0,0,0,0,0,0,0
836,15/4/2024,15,4,2024,0,0,0,0,0,0,0,0,0
837,16/4/2024,16,4,2024,0,0,0,0,0,0,0,0,0
838,17/4/2024,17,4,2024,0,0,0,0,0,0,0,0,0
839,18/4/2024,18,4,2024,0,0,0,0,0,0,0,0,0
840,19/4/2024,19,4,2024,0,0,0,0,0,0,0,0,0
841,20/4/2024,20,4,2024,0,0,0,0,0,0,0,0,0
842,21/4/2024,21,4,2024,0,0,0,0,0,0,0,0,0
843,22/4/2024,22,4,2024,0,0,0,0,0,0,0,0,0
844,23/4/2024,23,4,2024,0,0,0,0,0,0,0,0,0
845,24/4/2024,24,4,2024,0,0,0,0,0,0,0,0,0
846,25/4/2024,25,4,2024,0,0,0,0,0,0,0,0,0
847,26/4/2024,26,4,2024,0,0,0,0,0,0,0,0,0
848,27/4/2024,27,4,2024,0,0,0,0,0,0,0,0,0
849,28/4/2024,28,4,2024,0,0,0,0,0,0,0,0,0
850,29/4/2024,29,4,2024,0,0,0,0,0,0,0,0,0
851,30/4/2024,30,4,2024,0,0,0,0,0,0,0,0,0
852,1/5/2024,1,5,2024,0,0,0,0,0,0,0,0,0
853,2/5/2024,2,5,2024,0,0,0,0,0,0,0,0,0
854,3/5/2024,3,5,2024,0,0,0,0,0,0,0,0,0
855,4/5/2024,4,5,2024,0,0,0,0,0,0,0,0,0
856,5/5/2024,5,5,2024,0,0,0,0,0,0,0,0,0
857,6/5/2024,6,5,2024,0,0,0,0,0,0,0.15,0,0.15
858,7/5/2024,7,5,2024,0,0,0,0.2,3.8,0.1,0,0,4.1
859,8/5/2024,8,5,2024,0,0,0,0,0,0,0,0,0
860,9/5/2024,9,5,2024,0,0,0,0,0,0.2,0,0,0.2
861,10/5/2024,10,5,2024,0,0,0,0,0,0,0,0,0
862,11/5/2024,11,5,2024,0,0,0,0,0,0,0,0,0
863,12/5/2024,12,5,2024,0,0,0,0,0,0,1.9,0,1.9
864,13/5/2024,13,5,2024,0,0,0,0,0,24.2,1.1,0,25.3
865,14/5/2024,14,5,2024,0,0,0,0,0,0,0,0,0
866,15/5/2024,15,5,2024,0,0,0,0,0,0.8,0,0,0.8
867,16/5/2024,16,5,2024,0,0,0,0,0,2.1,0,0,2.1
868,17/5/2024,17,5,2024,0,0,0,0,0,1.2,2.9,0,4.1
869,18/5/2024,18,5,2024,0,0,0,0,3.9,0.3,0,0,4.2
870,19/5/2024,19,5,2024,0,0,0,0,0,15.8,0,0.9,16.7
871,20/5/2024,20,5,2024,3.35,0.1,0,0,0,13.1,0.1,0,16.65
872,21/5/2024,21,5,2024,0,0,0,0,0,2.55,2.85,1.5,6.9
873,22/5/2024,22,5,2024,0.3,0,0,0,0,0.5,0.1,0.1,1
874,23/5/2024,23,5,2024,9.4,2.1,0,0,0,6.15,0.25,2.8,20.7
875,24/5/2024,24,5,2024,0,0,4.3,0,0,0,0,0,4.3
876,25/5/2024,25,5,2024,0,0,0,0,6.1,0,0.25,0,6.35
877,26/5/2024,26,5,2024,0,0,0,0,0,0,0,0.7,0.7
878,27/5/2024,27,5,2024,0,0,0,0,0,0,0,0,0
879,28/5/2024,28,5,2024,0,0,0,0,0,0,0,0,0
880,29/5/2024,29,5,2024,0,0,0,0,0,0,0,1.7,1.7
881,30/5/2024,30,5,2024,0,0,0,0,0,0,19.6,6.65,26.25
882,31/5/2024,31,5,2024,11.2,0,0,0,0,0,0,21.45,32.65
,,,,,,,,,,,,,
,,,,,,,,,,,,,
,,,,,,,,,,,,,
,,,,,,,,,,,,,
,,,,,,,,,,,,,
,,,,,,,,,,,,,
,,,,,,,,,,,,,
,,,,,,,,,,,,,
,,,,,,,,,,,,,
,,,,,,,,,,,,,
,,,,,,,,,,,,,
,,,,,,,,,,,,,
,,,,,,,,,,,,,
,,,,,,,,,,,,,
,,,,,,,,,,,,,
,,,,,,,,,,,,,
,,,,,,,,,,,,,
,,,,,,,,,,,,,
,,,,,,,,,,,,,
,,,,,,,,,,,,,
,,,,,,,,,,,,,
,,,,,,,,,,,,,
,,,,,,,,,,,,,
,,,,,,,,,,,,,
,,,,,,,,,,,,,
,,,,,,,,,,,,,
,,,,,,,,,,,,,
,,,,,,,,,,,,,
,,,,,,,,,,,,,
,,,,,,,,,,,,,
,,,,,,,,,,,,,
,,,,,,,,,,,,,
,,,,,,,,,,,,,
,,,,,,,,,,,,,
,,,,,,,,,,,,,
,,,,,,,,,,,,,
,,,,,,,,,,,,,
,,,,,,,,,,,,,
,,,,,,,,,,,,,
,,,,,,,,,,,,,
,,,,,,,,,,,,,
,,,,,,,,,,,,,
,,,,,,,,,,,,,
,,,,,,,,,,,,,
,,,,,,,,,,,,,
,,,,,,,,,,,,,
,,,,,,,,,,,,,
,,,,,,,,,,,,,
,,,,,,,,,,,,,
,,,,,,,,,,,,,
,,,,,,,,,,,,,
,,,,,,,,,,,,,
,,,,,,,,,,,,,
,,,,,,,,,,,,,
,,,,,,,,,,,,,
,,,,,,,,,,,,,
,,,,,,,,,,,,,
,,,,,,,,,,,,,
,,,,,,,,,,,,,
,,,,,,,,,,,,,
,,,,,,,,,,,,,
,,,,,,,,,,,,,
,,,,,,,,,,,,,
,,,,,,,,,,,,,
,,,,,,,,,,,,,
,,,,,,,,,,,,,
,,,,,,,,,,,,,
,,,,,,,,,,,,,
,,,,,,,,,,,,,
,,,,,,,,,,,,,
,,,,,,,,,,,,,
,,,,,,,,,,,,,
,,,,,,,,,,,,,
,,,,,,,,,,,,,
,,,,,,,,,,,,,
,,,,,,,,,,,,,
,,,,,,,,,,,,,
,,,,,,,,,,,,,
,,,,,,,,,,,,,
,,,,,,,,,,,,,
,,,,,,,,,,,,,
,,,,,,,,,,,,,
,,,,,,,,,,,,,
,,,,,,,,,,,,,
,,,,,,,,,,,,,
,,,,,,,,,,,,,
,,,,,,,,,,,,,
,,,,,,,,,,,,,
,,,,,,,,,,,,,
,,,,,,,,,,,,,
,,,,,,,,,,,,,
,,,,,,,,,,,,,
,,,,,,,,,,,,,
,,,,,,,,,,,,,
,,,,,,,,,,,,,
,,,,,,,,,,,,,
,,,,,,,,,,,,,
,,,,,,,,,,,,,
,,,,,,,,,,,,,
,,,,,,,,,,,,,
,,,,,,,,,,,,,
,,,,,,,,,,,,,
,,,,,,,,,,,,,
,,,,,,,,,,,,,
,,,,,,,,,,,,,
,,,,,,,,,,,,,
,,,,,,,,,,,,,
,,,,,,,,,,,,,
,,,,,,,,,,,,,
,,,,,,,,,,,,,
,,,,,,,,,,,,,
,,,,,,,,,,,,,
,,,,,,,,,,,,,
,,,,,,,,,,,,,
,,,,,,,,,,,,,
